amazon,armhole,blouse,bust,button,clothes,clothing,cotton,customer,daughter,dryer,fabric,garment,gym,iron,jeans,lace,material,pad,pink,polyester,product,room,shelf,shipping,shirt,skin,skirt,sleeve,strap,sweater,tank,tee,top,undershirt,uniform,wear
big,bigger,black,blue,body,color,cool,delicate,fine,flimsy,great,large,larger,little,loose,old,petite,pink,pretty,red,shorter,size,slightly,small,smaller,soft,style,tall,thick,thicker,thin,tight,tiny,too,way,white
absolutely,comfort,comfortable,comfortably,comfy,disappointed,dry,extra,feel,fit,happy,loose,love,medium,pain,perfect,perfectly,really,snug,still,sure,totally,true,well,wish
beautiful,casual,cheap,cute,favorite,flimsy,good,great,happy,look,loose,lovely,nice,nicely,now,otherwise,probably,quality,smooth,white,wonderful,wrong
bust,care,fit,refund,return,review,stretch,wash,yoga
arm,bottom,breast,bust,chest,hip,neck,torso,tummy,waist
dry,fitting,glad,happy,loose,pleased,scratchy,wrong
amazon,customer,daughter,pink,skin,sweater
amazon,brand,feel,wrinkle
bit,tad,tank
company,outfit,panel
bust,shape,wrinkle
cool,summer,winter
have,read,say,wear
be,buy,cover,feel,fit,hang,look,need,run,want,wash
hope,like,wish
expect,order,see,try
go,surprise,thank,try
pull,put,send,ship,wash
dry,have,iron,size,tuck
do,dry,make,put,recommend
