amazon,auto,battery,button,camera,charger,customer,daughter,door,film,finder,great,lens,light,mine,movie,phone,photo,photographer,pic,picture,piece,product,rangefinder,shipping,shoot,shutter,someone,viewfinder
big,bright,bulky,cheap,compact,enough,excellent,fairly,last,light,little,mode,newer,old,pretty,rain,sharp,small,too
bad,bright,fantastic,good,great,nice,now,otherwise,probably,quality,sand,sharp,wonderful,worse,worth,wrong
absolutely,actually,bright,clear,disappointed,easy,fine,happy,love,perfect,still,sure,well,wet
battery,film,flash,instruction,movie,review,shoot,shooting,sound,trip,vacation,works,zoom
amazon,customer,daughter,great,photographer,someone
bit,day,vacation,year
aa,color,rain,sand,water
canon,complaint,instruction,warranty
3d,amazon,bright
fine,gift,purchase
crack,die,drop,get,have,lose,open,take
let,recommend,replace,stop
be,buy,fall,feel,figure,fit,last,look,need,seem,sell,want,work
go,let,say,take,thank,try,use
