well,fits,good,material,made,summer,wonderful,nicely,like,wear,also,clothes
larger,size,tight,normal,area,small,fits,snug,purchased,breast,stomach,camisole
back,different,quality,disappointed,long,also,send,several,shirts,brand,enjoy,take
just,however,black,received,many,bought,fabric,top,like,slightly,nice,everything
top,fit,see,tight,helps,expected,light,scratchy,gorgeous,though,flowy,anything
shirt,love,beautiful,sleeves,shirts,wash,great,one,long,wish,favorite,5
shirt,need,will,work,fabric,just,fitted,expecting,wear,use,great,bust
shirt,runs,great,disappointed,shirts,loved,purchase,half,patterns,became,two,much
looking,fabric,cotton,like,comfort,winter,can,wear,wrinkle,3,summer,fits
look,fit,satisfied,love,yoga,bought,will,back,fabric,yet,just,better
tank,purchased,tops,snug,fits,1x,comfortable,loose,like,ordered,shopping,extra
little,looked,washed,expected,dried,cool,well,blue,dry,hung,short,tops
fit,perfect,sizing,xl,short,like,tall,ordering,color,recommend,tank,wear
pretty,smaller,size,buy,described,shape,will,top,arms,made,fine,little
product,recommend,wear,nice,large,expected,really,every,little,hot,shrink,think
fit,color,thank,came,size,like,shirts,colors,got,money,plus,ordered
blouse,looks,top,white,style,way,perfect,lots,just,beautiful,different,size
cute,probably,will,get,even,though,wrong,pain,say,lol,quick,hot
wear,something,without,exactly,price,buy,nice,colors,great,everything,tank,back
big,return,way,already,size,amazon,plus,cheap,found,free,happy,material
soft,bra,nice,top,wear,size,give,fabric,just,clothes,going,since
length,cami,easy,like,buying,one,will,5,overall,often,camis,prefer
bra,5,wear,fabric,fitting,tight,size,3,shelf,totally,sleeve,2
comfortable,great,wear,much,shirts,long,needed,order,one,day,next,like
bit,enough,cute,tank,bottom,around,body,great,material,gym,washing,thin
make,picture,bigger,two,bra,tee,still,problem,show,can,will,color
wanted,dress,great,lace,panels,wore,one,work,wear,cotton,buttons,many
large,ordered,size,still,medium,disappointed,somewhat,like,sure,wear,pocket,will
nice,great,can,ok,fits,casual,wear,go,order,described,know,looked
really,way,great,material,quality,still,little,came,back,like,ordering,however
expected,shirt,service,great,order,excellent,fits,delivery,shipped,wear,prompt,customer
love,fits,reviews,wear,perfectly,usually,soft,get,order,like,said,medium
good,perfect,look,quality,makes,cut,super,lightweight,thong,body,like,high
one,ordered,color,colors,larger,2,material,smaller,like,shirts,black,much
item,bought,nicely,washes,one,another,work,color,made,surprised,washed,long
shirts,fit,true,find,hard,really,wear,colors,blouse,iron,went,company
small,size,fit,ordered,order,3x,sizes,normally,colors,little,first,run
just,color,time,got,medium,first,work,perfect,great,like,pink,wore
quality,good,washed,great,can,little,washing,shirts,fabric,going,ordered,okay
shirt,one,great,comfy,looks,buy,awesome,big,ordered,first,black,happy