series,love,story,read,faerie,far,entire,one,merry,books,also,best
wonderful,books,great,always,pern,story,series,read,anne,book,mccaffrey,world
tale,pages,times,like,fairy,boring,neverwhere,get,much,character,book,first
good,story,get,world,characters,xanth,series,time,much,still,original,just
think,back,book,powers,lol,read,get,power,coming,perfect,right,men
book,page,series,read,life,one,trilogy,characters,slow,things,makes,kindle
show,book,tet,ka,quest,dark,roland,adventure,calla,continuation,story,king
characters,love,reader,parts,style,story,one,three,quite,just,person,many
book,next,read,series,wait,forward,amazing,best,get,reading,one,great
book,story,characters,interesting,good,loved,books,series,well,easy,like,lot
qirsi,eandi,weaver,forelands,coe,thought,readers,novels,powers,called,conspiracy,winds
claire,jamie,love,exciting,story,book,series,read,books,continue,still,good
book,read,really,better,series,like,first,books,just,reading,time,one
really,characters,book,get,like,read,one,want,just,good,something,much
shadow,read,gods,mr.,many,wednesday,die,people,susannah,book,enough,time
fitz,character,never,main,story,first,book,trilogy,much,books,reader,hobb
love,book,series,put,story,just,stories,read,characters,better,lot,one
book,story,london,girl,richard,enough,characters,bad,read,gaiman,little,one
series,books,read,one,reading,book,ever,thoroughly,worth,best,enjoyed,now
book,story,excellent,series,characters,read,plot,one,twists,writing,just,martin
story,look,reading,fitz,forward,interesting,magic,different,assassin,throughout,novel,characterization
series,merry,see,love,just,queen,book,read,gentry,long,like,magic
fitz,book,far,story,king,end,verity,going,one,first,dead,regal
book,trilogy,can,read,musical,story,see,just,characters,much,often,kindle
book,series,read,story,great,written,books,well,reading,can,characters,recommend
great,book,books,series,read,one,ending,much,character,reading,will,stop
story,characters,book,read,compelling,series,world,way,good,many,absolutely,r.
well,read,story,first,characters,time,hobb,even,book,trilogy,king,books
elphaba,tristan,story,one,star,wicked,little,novel,evil,read,different,way
book,will,every,epilogue,calla,bryn,sturgis,twins,one,also,children,father