camera,like,one,pocket,great,card,photos,pictures,made,another,upgrade,broken
camera,bought,canon,batteries,like,charger,years,battery,nice,two,just,first
m8,camera,really,lenses,like,sync,shutter,leica,35mm,pretty,canon,battery
photos,camera,great,got,good,take,use,quality,takes,one,time,sound
shutter,m9,film,m6,button,will,camera,can,sound,iso,stage,used
camera,never,good,quality,light,broke,everything,digital,decent,cameras,always,even
camera,best,still,great,one,ever,years,loved,good,pictures,bought,happy
product,great,camera,better,service,quality,can,made,images,buy,purchase,good
great,camera,easy,use,pictures,takes,good,little,like,works,price,nice
camera,price,good,great,excellent,pictures,quality,nice,buy,bought,well,download
amazon,work,item,way,one,camera,year,buy,can,will,good,computer
camera,one,excellent,pictures,still,dropped,years,well,quality,great,many,bought
camera,works,love,great,water,time,everything,pictures,advertised,optical,use,canon
camera,get,will,shot,now,good,need,lens,always,nikon,excellent,take
camera,card,memory,good,find,just,use,sd,close,come,using,though
sony,camera,shooting,digital,good,mode,screen,takes,cameras,photos,light,pictures
looks,camera,photos,good,take,much,every,video,need,lot,little,perfect
camera,pictures,good,take,takes,can,use,long,picture,get,clear,far
camera,never,took,good,worked,going,still,use,pictures,get,zoom,mode
camera,lens,fiji,took,bought,nothing,photos,another,one,cameras,came,model
camera,one,like,years,quality,used,ago,new,just,find,replace,gave
camera,use,just,easy,love,video,operate,like,worth,time,got,good
camera,battery,great,bad,pictures,happy,just,fast,condition,good,delivery,years
camera,expected,batteries,turn,broke,wanted,battery,pictures,exactly,make,door,latch
camera,one,pictures,cameras,3d,amazing,digital,love,price,just,like,know