FRANCE,ANYPLACE,BUNCH,BURST,CD,DECIDE,ENDLESSLY,FOREVER,GOING,HEAVY,INSIDE,MOVIE
BLIND,BLURRED,DRAWBACK,FINEPIX,FROZEN,GONE,PACK,PROGRAM,RECORDS,REPLACING,SAM,SEE
DEFECTIVE,INVOLVES,RETURNED,YES,YR
8X10S,ACTUALLY,BUDGET,BUYING,CHRISTMAS,COLOR,COMPETE,CONTRARY,CONTRAST,DIED,DIRECTIONS,DRY
AAS,CONCRETE,EASIER,FOCUSING,PERFORMED,PROGRESSIVELY,SHIPPED,VIEWS,WITHOUT
DAYLIGHT,EXCLUSIVELY,LEARNED,MESSAGE,PEONY,POSING,RESULTS,SAT
1.3,10X,3MP,720P,ACROSS,ANSWER,BATTER,CENTER,COMPLAINTS,CONTINENTAL,DEALS,DECK
BONUS,ENDED,LONGEST,WASTED,Z6
AMOUNT,BUCKS,EDITED,MECHANICAL,PJ1,PLACES,PROJECTOR,QUITE,ROTATING,SIMILAR,TONED,UPPER
CAPTURE,COMPLAINTS,MALFUNCTIONED,RAW,WEIRD
HURT,LATCH,2014,4,AFFORDABLE,BACKUP,COMPARED,FARTHER,FLOODED,HONEST,HOT,LATER